Agent_ID,Unique_Name,Agent_Name,Category,Type,Complexity,Priority,Market_Size_USD,Timeline,Score,Implementation_Status,Description,Input_Data,Output_Data,Integration_Points
GL-001,THERMALCOMMAND,ProcessHeatOrchestrator,Orchestration,Coordinator,High,P0,$20B,Q4 2025,95,Implemented,Master orchestrator with SIS integration MILP load allocation cascade PID control and CMMS integration for all process heat operations,Plant data + sensor feeds + energy consumption + safety system status,Optimized heat distribution + SIS signals + maintenance schedules + KPI dashboard,All process heat agents + SCADA + ERP + CMMS + SIS
GL-002,FLAMEGUARD,BoilerEfficiencyOptimizer,Boiler Systems,Optimizer,Medium,P0,$15B,Q4 2025,-,Consolidated,CONSOLIDATED INTO GL-018 UNIFIEDCOMBUSTION - Boiler optimization functions merged into unified combustion optimizer,N/A,N/A,See GL-018
GL-003,UNIFIEDSTEAM,SteamSystemOptimizer,Steam Systems,Optimizer,High,P1,$14B,Q1 2026,95,Implemented,Unified steam optimizer combining steam analysis quality control and enthalpy calculations with IAPWS-IF97 compliance. Absorbed GL-008 GL-012 GL-017 features,Steam pressure + temperature + flow + quality + condensate return + water chemistry,Steam quality metrics + desuperheater control + enthalpy balance + optimization recommendations,Steam meters + pressure sensors + temperature probes + quality analyzers
GL-004,BURNMASTER,BurnerOptimizationAgent,Combustion,Optimizer,Low,P1,$5B,Q1 2026,-,Consolidated,CONSOLIDATED INTO GL-018 UNIFIEDCOMBUSTION - Burner optimization functions merged into unified combustion optimizer,N/A,N/A,See GL-018
GL-005,COMBUSENSE,CombustionDiagnosticsAgent,Combustion,Analyzer,Medium,P1,$8B,Q2 2026,90,Implemented,Standalone combustion diagnostics with CQI scoring real-time anomaly detection and IEC 61511 SIL 2 safety boundary compliance,Fuel flow + air flow + O2 + CO + NOx + flame signals + safety interlocks,CQI score + anomaly alerts + diagnostic reports + safety compliance status,DCS + PLC + combustion analyzers + SIS
GL-006,HEATRECLAIM,HeatRecoveryMaximizer,Heat Recovery,Optimizer,High,P0,$12B,Q4 2025,95,Implemented,Enhanced with pinch analysis HEN synthesis exergy destruction analysis and economic optimization for maximum waste heat recovery,Waste heat streams + temperature gradients + flow rates + utility costs,Heat recovery network design + pinch targets + exergy analysis + ROI optimization,Heat exchangers + economizers + preheaters + HEN
GL-007,FURNACEPULSE,FurnacePerformanceMonitor,Furnaces,Monitor,Medium,P1,$9B,Q1 2026,70,In Progress,Monitors and analyzes furnace performance and efficiency with tube metal temperature tracking. NEEDS: LOPA analysis HAZOP SRS document,Furnace temperature + fuel consumption + production output + tube temps,Performance KPIs + maintenance alerts + efficiency trends + hotspot detection,Furnace controls + temperature sensors + IR cameras
GL-008,TRAPCATCHER,SteamTrapMonitor,Steam Systems,Monitor,Low,P2,$3B,Q2 2026,85,Implemented,Standalone steam trap monitoring with acoustic analysis TSP optimization and ML-based failure prediction,Acoustic signatures + temperature differentials + IR imaging + trap history,Failed trap locations + TSP maintenance schedules + energy loss quantification,Steam trap monitoring systems + maintenance systems + CMMS
GL-009,THERMALIQ,ThermalFluidAnalyzer,Analytics,Calculator,Medium,P1,$7B,Q1 2026,85,Implemented,Shared calculation library with exergy analysis support for 20+ heat transfer fluids and zero-hallucination compliance,Energy inputs + useful heat output + losses + fluid properties,Thermal efficiency % + exergy destruction + Sankey diagrams + fluid recommendations,Energy meters + process data historians
GL-010,EMISSIONSGUARDIAN,EmissionsComplianceAgent,Compliance,Monitor,High,P0,$11B,Q4 2025,95,Implemented,Enhanced with EPA RATA automation emission trading integration fugitive emission detection and carbon offset tracking,Emissions data + CEMS readings + regulatory limits + carbon prices,Compliance status + RATA reports + trading recommendations + offset certificates,CEMS + environmental reporting + carbon markets + EPA e-GGRT
GL-011,FUELCRAFT,FuelManagementOptimizer,Fuel Systems,Optimizer,Medium,P1,$8B,Q1 2026,85,Implemented,Multi-fuel optimization with calorific value tracking carbon intensity calculations and fuel blending recommendations,Fuel prices + availability + calorific values + emissions factors + inventory,Optimal fuel mix + cost savings + carbon footprint + procurement schedule,Fuel storage systems + procurement systems + carbon accounting
GL-012,STEAMQUAL,SteamQualityController,Steam Systems,Controller,Low,P2,$4B,Q2 2026,-,Consolidated,CONSOLIDATED INTO GL-003 UNIFIEDSTEAM - Steam quality control functions merged into unified steam optimizer,N/A,N/A,See GL-003
GL-013,PREDICTMAINT,PredictiveMaintenanceAgent,Maintenance,Predictor,High,P1,$10B,Q1 2026,95,Implemented,Advanced predictive maintenance with Weibull analysis MCSA motor diagnostics ML anomaly detection and CMMS integration,Vibration + temperature + pressure + motor current + operating hours,RUL predictions + failure probability + maintenance schedules + parts inventory,Condition monitoring systems + CMMS + motor analyzers
GL-014,EXCHANGERPRO,HeatExchangerOptimizer,Heat Exchangers,Optimizer,Medium,P1,$6B,Q2 2026,90,Implemented,TEMA-compliant heat exchanger optimization with epsilon-NTU method fouling prediction and cleaning schedule optimization,Inlet/outlet temperatures + pressure drops + flow rates + fouling factors,Cleaning schedules + UA degradation + LMTD analysis + efficiency gains,Heat exchanger instrumentation + cleaning systems
GL-015,INSULSCAN,InsulationAnalysisAgent,Energy Conservation,Monitor,Low,P2,$3B,Q3 2026,85,Implemented,Comprehensive insulation analysis with 50+ material database economic thickness calculations and thermal imaging integration,IR camera data + surface temps + ambient conditions + insulation specs,Insulation repair priorities + heat loss quantification + economic thickness,Thermal imaging systems + maintenance planning
GL-016,WATERGUARD,BoilerWaterTreatmentAgent,Boiler Systems,Controller,Medium,P1,$5B,Q2 2026,85,Implemented,Standalone ASME/ABMA compliant water treatment with cycles of concentration optimization blowdown control and chemical dosing,Water chemistry data + conductivity + pH + alkalinity + silica,Optimal blowdown rate + chemical dosing + water savings + compliance status,Water quality analyzers + chemical dosing systems
GL-017,CONDENSYNC,CondenserOptimizationAgent,Steam Systems,Optimizer,Medium,P2,$4B,Q3 2026,85,Implemented,Standalone HEI Standards compliant condenser optimization with cleanliness factor tracking and vacuum optimization,Cooling water temp + vacuum levels + condensate flow + tube fouling,Optimal condenser operation + cleaning schedules + efficiency improvements,Condenser instrumentation + cooling systems
GL-018,UNIFIEDCOMBUSTION,UnifiedCombustionOptimizer,Combustion,Optimizer,High,P0,$24B,Q1 2026,95,Implemented,Unified combustion optimizer combining boiler burner and flue gas analysis with O2 trim CO optimization and excess air control. Absorbed GL-002 GL-004 functions,Fuel composition + O2/CO2/CO/NOx + flame temp + air flow + stack temp,Optimal combustion parameters + efficiency gains + emissions control + air-fuel ratio,Boiler controls + burner systems + flue gas analyzers + emissions monitoring
GL-019,HEATSCHEDULER,ProcessHeatingScheduler,Planning,Coordinator,Medium,P1,$7B,Q2 2026,85,Implemented,ML-based demand forecasting with thermal storage optimization TOU tariff arbitrage and production schedule integration,Production schedule + energy tariffs + equipment availability + weather,Optimized heating schedule + storage dispatch + cost savings forecast,Production planning systems + energy management + thermal storage
GL-020,ECONOPULSE,EconomizerPerformanceAgent,Heat Recovery,Monitor,Medium,P2,$3B,Q3 2026,90,Implemented,Comprehensive economizer monitoring with Verhoff-Banchero acid dew point steaming detection epsilon-NTU effectiveness and soot blowing optimization,Feedwater temperature + flue gas temp + SO2/SO3 + gas flow + water flow,Acid dew point margin + steaming alerts + effectiveness tracking + cleaning schedules,Economizer instrumentation + soot blowers + water treatment
GL-021,BURNERSENTRY,BurnerMaintenancePredictor,Maintenance,Predictor,Medium,P2,$4B,Q3 2026,-,Planned,Predicts burner maintenance needs based on operating conditions,Operating hours + fuel quality + flame characteristics,Maintenance schedules + burner replacement planning,Burner monitoring systems + maintenance records
GL-022,SUPERHEAT-CTRL,SuperheaterControlAgent,Steam Systems,Controller,Medium,P2,$5B,Q3 2026,-,Planned,Controls superheated steam temperature for process requirements,Steam temperature + desuperheater spray + process demands,Precise temperature control + energy optimization,Superheater instrumentation + spray control valves
GL-023,LOADBALANCER,HeatLoadBalancer,Optimization,Optimizer,High,P1,$9B,Q2 2026,-,Planned,Balances heat loads across multiple boilers and furnaces,Individual equipment loads + capacity + efficiency curves,Optimal load distribution + fuel savings,Multiple boiler/furnace control systems
GL-024,AIRPREHEATER,AirPreheaterOptimizer,Heat Recovery,Optimizer,Medium,P2,$4B,Q3 2026,-,Planned,Optimizes air preheater to recover maximum heat from flue gas,Air preheat temperature + flue gas temperature + leakage,Optimal preheater operation + heat recovery maximization,Air preheater instrumentation + leak detection
GL-025,COGENMAX,CogenerationOptimizer,Cogeneration,Optimizer,High,P0,$15B,Q1 2026,-,Planned,Optimizes combined heat and power (CHP) systems,Power demand + heat demand + fuel costs + grid prices,Optimal CHP operation mode + cost/carbon savings,CHP systems + power grid + thermal loads
GL-026,SOOTBLAST,SootBlowerController,Combustion,Controller,Low,P2,$2B,Q4 2026,-,Planned,Optimizes soot blowing to maintain heat transfer without waste,Furnace cleanliness + steam consumption + heat transfer rates,Optimal soot blowing schedule + steam savings,Soot blower systems + furnace monitoring
GL-027,RADIANT-OPT,RadiantHeatOptimizer,Furnaces,Optimizer,Medium,P2,$5B,Q3 2026,-,Planned,Optimizes radiant section heat transfer in process furnaces,Tube metal temperatures + process fluid properties + firing rates,Optimal radiant heat distribution + coking prevention,Furnace instrumentation + tube temperature monitoring
GL-028,CONVECTION-WATCH,ConvectionSectionAnalyzer,Furnaces,Analyzer,Medium,P2,$4B,Q3 2026,-,Planned,Analyzes convection section performance and fouling,Gas temperature profiles + heat flux + pressure drops,Fouling alerts + cleaning schedules + efficiency trends,Furnace instrumentation + cleaning systems
GL-029,FUELCONDITIONER,FuelGasConditioningAgent,Fuel Systems,Controller,Low,P2,$3B,Q4 2026,-,Planned,Conditions fuel gas for optimal combustion (pressure/temperature/composition),Fuel gas properties + combustion requirements,Optimal fuel conditioning parameters,Fuel gas systems + conditioning equipment
GL-030,HEATINTEGRATOR,HeatIntegrationOptimizer,Process Integration,Optimizer,High,P1,$12B,Q2 2026,-,Planned,Optimizes heat integration across entire process using pinch analysis,All process heat sources + sinks + temperature levels,Heat exchanger network design + energy savings potential,Process simulation + heat exchanger network
GL-031,THERMALSTORAGE,ThermalEnergyStorageAgent,Energy Storage,Controller,High,P2,$8B,Q3 2026,-,Planned,Manages thermal energy storage for load shifting and grid support,Storage temperature + charge/discharge rates + energy prices,Optimal charge/discharge schedule + cost arbitrage,Thermal storage systems + energy trading platforms
GL-032,HEATREPORTER,ProcessHeatReporter,Reporting,Reporter,Medium,P1,$6B,Q2 2026,-,Planned,Generates comprehensive reports on process heat performance and compliance,All process heat data + KPIs + benchmarks,Executive dashboards + regulatory reports + sustainability metrics,Data historians + BI systems + compliance platforms
GL-033,DISTRICT-LINK,DistrictHeatingIntegrator,Heat Networks,Integrator,High,P2,$10B,Q4 2026,-,Planned,Integrates industrial waste heat into district heating networks,Waste heat availability + district heating demand + network topology,Heat export opportunities + revenue potential,District heating network + heat exchangers
GL-034,CARBONCAPTURE-HEAT,CarbonCaptureHeatAgent,Decarbonization,Optimizer,High,P0,$18B,Q1 2026,-,Planned,Optimizes heat integration with carbon capture systems,CCS heat requirements + process heat availability + energy costs,Optimal heat integration + CCS cost reduction,Carbon capture systems + process heat network
GL-035,H2-BURNER,HydrogenCombustionAgent,Future Fuels,Controller,High,P1,$14B,Q3 2026,-,Planned,Controls hydrogen combustion for carbon-free process heat,H2 fuel properties + combustion characteristics + safety limits,Safe and efficient H2 combustion control,H2 fuel systems + H2-ready burners
GL-036,ELECTRIFY-SCAN,ElectrificationAnalyzer,Decarbonization,Analyzer,High,P1,$16B,Q2 2026,-,Planned,Analyzes opportunities for electrification of process heat,Process heat requirements + electricity costs + emissions factors,Electrification roadmap + TCO analysis + carbon reduction,Electric heating systems + renewable energy sources
GL-037,BIOMASS-OPT,BiomassCombustionOptimizer,Renewable Heat,Optimizer,Medium,P2,$7B,Q4 2026,-,Planned,Optimizes biomass combustion for renewable process heat,Biomass fuel properties + combustion conditions + emissions,Optimal biomass combustion + emissions control,Biomass boilers + fuel handling systems
GL-038,SOLAR-THERMAL,SolarThermalIntegrator,Renewable Heat,Integrator,Medium,P2,$9B,Q1 2027,-,Planned,Integrates solar thermal systems with industrial process heat,Solar availability + process heat demand + storage capacity,Optimal solar-process integration + renewable heat %,Solar thermal collectors + thermal storage
GL-039,HEATPUMP-PRO,HeatPumpOptimizer,Heat Pumps,Optimizer,High,P1,$11B,Q3 2026,-,Planned,Optimizes industrial heat pumps for low-grade heat recovery,Heat source temperature + heat sink requirements + COP,Optimal heat pump operation + efficiency gains,Industrial heat pumps + process heat streams
GL-040,SAFETYSENTRY,ProcessSafetyMonitor,Safety,Monitor,High,P0,$13B,Q4 2025,-,Planned,Monitors process heat safety parameters and prevents incidents,Pressure + temperature + flame detection + gas detection,Safety alerts + emergency shutdown triggers + incident prevention,Safety instrumented systems + emergency systems
GL-041,ENERGYVIZ,EnergyManagementDashboard,Visualization,Reporter,Medium,P1,$8B,Q1 2026,-,Planned,Real-time visualization of energy flows and performance,All energy data + production data + costs,Live dashboards + energy Sankey diagrams + KPI tracking,SCADA + data historians + BI platforms
GL-042,PRESSUREMASTER,SteamPressureOptimizer,Steam Systems,Optimizer,Medium,P2,$5B,Q3 2026,-,Planned,Optimizes steam header pressures for minimum energy consumption,Multiple pressure levels + process requirements + PRV losses,Optimal pressure strategy + energy savings,Steam headers + PRVs + pressure control
GL-043,CONDENSATE-RECLAIM,CondensateRecoveryAgent,Steam Systems,Monitor,Low,P2,$3B,Q4 2026,-,Planned,Maximizes condensate recovery to reduce water and energy costs,Condensate flow + quality + recovery rate,Recovery opportunities + water/energy savings,Condensate systems + water treatment
GL-044,FLASHSTEAM,FlashSteamRecoveryAgent,Heat Recovery,Optimizer,Medium,P2,$4B,Q1 2027,-,Planned,Recovers flash steam from condensate for process heating,Condensate pressure drop + flash steam potential + uses,Flash steam recovery opportunities + implementation plan,Flash vessels + steam usage points
GL-045,AIROPTIMIZER,CombustionAirOptimizer,Combustion,Optimizer,Medium,P1,$6B,Q2 2026,-,Planned,Optimizes combustion air temperature and flow for efficiency,Combustion air temperature + excess air % + fuel properties,Optimal air supply parameters + efficiency improvement,FD fans + air preheaters + dampers
GL-046,DRAFTCONTROL,FurnaceDraftController,Furnaces,Controller,Low,P2,$3B,Q3 2026,-,Planned,Controls furnace draft for optimal combustion and safety,Draft pressure + damper positions + fuel flow,Optimal draft control + safety maintenance,Draft measurement + damper controls
GL-047,REFRACTORYWATCH,RefractionMaterialMonitor,Furnaces,Monitor,Medium,P2,$4B,Q4 2026,-,Planned,Monitors refractory condition to prevent heat losses and failures,Refractory temperature + hot spot detection + age,Refractory repair priorities + heat loss quantification,IR cameras + refractory sensors
GL-048,HEATLOSS-CALC,HeatLossCalculator,Analytics,Calculator,Medium,P2,$5B,Q2 2026,-,Planned,Calculates heat losses from equipment and piping with zero-hallucination,Surface temperatures + ambient conditions + insulation specs,Heat loss quantification + insulation ROI + carbon impact,Temperature sensors + IR cameras + facility maps
GL-049,PROCESS-INTEGRATOR,ProcessControlIntegrator,Integration,Integrator,High,P1,$10B,Q2 2026,-,Planned,Integrates process heat control with overall process control,Process heat systems + production control + constraints,Integrated control strategy + production optimization,DCS + PLC + process control systems
GL-050,VFD-OPTIMIZER,VFDOptimizationAgent,Motors,Optimizer,Medium,P2,$6B,Q3 2026,-,Planned,Optimizes variable frequency drives on fans and pumps,Motor load + speed + power consumption + process requirements,Optimal VFD settings + energy savings,VFDs + motor controls + power monitoring
GL-051,STARTUP-CTRL,StartupShutdownOptimizer,Operations,Optimizer,Medium,P2,$5B,Q4 2026,-,Planned,Optimizes heating during startup and shutdown for efficiency and safety,Equipment status + temperature ramp rates + fuel consumption,Optimal startup/shutdown procedures + time/energy savings,Equipment controls + sequence logic
GL-052,HEAT-TRACER,HeatTracingOptimizer,Heat Tracing,Optimizer,Low,P2,$3B,Q1 2027,-,Planned,Optimizes electric/steam heat tracing for freeze protection,Ambient temperature + process fluid properties + tracing capacity,Optimal tracing operation + energy waste elimination,Heat tracing systems + temperature controls
GL-053,THERMAL-OXIDIZER,ThermalOxidizerOptimizer,Emissions Control,Optimizer,Medium,P2,$7B,Q3 2026,-,Planned,Optimizes thermal oxidizers for VOC destruction with minimum fuel,VOC loading + destruction temperature + fuel consumption,Optimal oxidizer operation + fuel savings + compliance,Thermal oxidizers + VOC monitoring
GL-054,HEAT-TREAT,HeatTreatmentOptimizer,Process,Optimizer,High,P1,$9B,Q2 2026,-,Planned,Optimizes heat treatment processes for quality and efficiency,Material properties + treatment requirements + furnace conditions,Optimal heat treatment cycles + quality assurance + energy savings,Heat treatment furnaces + quality control systems
GL-055,DRYMASTER,DryingProcessOptimizer,Process,Optimizer,Medium,P1,$8B,Q3 2026,-,Planned,Optimizes drying processes for minimum energy consumption,Moisture content + drying rate + temperature + humidity,Optimal drying parameters + energy reduction + quality,Dryers + moisture analyzers + humidity controls
GL-056,CURE-CTRL,CuringOvenController,Process,Controller,Medium,P2,$5B,Q4 2026,-,Planned,Controls curing ovens for consistent product quality and efficiency,Cure temperature profile + time + airflow,Precise cure control + energy optimization + quality,Curing ovens + temperature profiling systems
GL-057,INDUCTION-OPT,InductionHeatingOptimizer,Process,Optimizer,Medium,P2,$6B,Q1 2027,-,Planned,Optimizes induction heating for metal processing,Part geometry + heating requirements + power settings,Optimal induction parameters + energy efficiency,Induction heating systems + power controls
GL-058,INFRARED-CTRL,InfraredHeatingController,Process,Controller,Low,P2,$4B,Q2 2027,-,Planned,Controls infrared heating for coating and drying processes,IR wavelength + intensity + part temperature,Optimal IR heating + quality control + energy savings,IR heaters + temperature sensors
GL-059,MICROWAVE-HEAT,MicrowaveHeatingAgent,Process,Controller,Medium,P3,$5B,Q3 2027,-,Planned,Controls microwave heating for specialized industrial processes,Material properties + heating uniformity + power levels,Optimal microwave heating parameters,Microwave heating systems + power controls
GL-060,RESISTANCE-OPT,ResistanceHeatingOptimizer,Process,Optimizer,Low,P2,$3B,Q4 2027,-,Planned,Optimizes resistance heating elements for efficiency and longevity,Element temperature + current + resistance + degradation,Optimal heating schedules + element life extension,Resistance heaters + power controls
GL-061,BALANCE-ANALYZER,HeatBalanceAnalyzer,Analytics,Analyzer,High,P1,$8B,Q2 2026,-,Planned,Performs detailed heat and material balance analysis,All process streams + compositions + temperatures + flows,Complete heat/material balance + closure analysis + improvements,Process instrumentation + simulation tools
GL-062,EXERGY-SCAN,ExergyAnalyzer,Analytics,Analyzer,High,P2,$7B,Q3 2026,-,Planned,Analyzes exergy destruction and thermodynamic efficiency,All energy streams + temperatures + pressures + compositions,Exergy analysis + destruction breakdown + optimization targets,Process data + thermodynamic models
GL-063,BENCHMARKIQ,BenchmarkingAgent,Analytics,Analyzer,Medium,P1,$6B,Q3 2026,-,Planned,Benchmarks process heat performance against industry best practices,Internal performance + industry benchmarks + best practices,Performance gaps + improvement roadmap + competitive analysis,Industry databases + performance data
GL-064,COST-ALLOCATOR,CostAllocationAgent,Financial,Calculator,Medium,P1,$5B,Q2 2026,-,Planned,Allocates process heat costs to products and departments,Energy consumption by area + costs + production volumes,Cost allocation by product/department + transfer pricing,ERP + cost accounting systems
GL-065,CARBON-ACCOUNTANT,CarbonAccountingAgent,Sustainability,Calculator,High,P0,$12B,Q1 2026,-,Planned,Calculates Scope 1 emissions from process heat with zero-hallucination,Fuel consumption by type + emission factors + process data,Scope 1 GHG emissions + carbon intensity + reporting,GHG protocols + carbon reporting platforms
GL-066,ENERGY-AUDITOR,EnergyAuditAgent,Compliance,Auditor,High,P1,$9B,Q2 2026,-,Planned,Performs comprehensive energy audits per ISO 50001,All energy data + equipment specs + operational patterns,Audit reports + ISO 50001 compliance + savings opportunities,Energy management systems + audit protocols
GL-067,COMMISSIONING-AGENT,ContinuousCommissioningAgent,Optimization,Optimizer,High,P1,$10B,Q3 2026,-,Planned,Continuously commissions process heat systems to maintain performance,Performance trends + degradation + operating parameters,Recommissioning actions + performance restoration,BMS + performance analytics
GL-068,DIGITAL-TWIN,DigitalTwinOrchestrator,Digital Twin,Coordinator,High,P1,$15B,Q2 2026,-,Planned,Creates and maintains digital twin of entire process heat system,All physical system data + operational history + models,Digital twin + what-if scenarios + optimization recommendations,IoT sensors + simulation platforms + AI/ML
GL-069,DEMAND-FORECASTER,PredictiveDemandForecaster,Planning,Predictor,High,P1,$8B,Q3 2026,-,Planned,Forecasts process heat demand for planning and optimization,Historical demand + production schedules + weather + operations,Heat demand forecasts + uncertainty bands + planning inputs,Production planning + weather services + demand history
GL-070,EMERGENCY-RESPONDER,EmergencyResponseAgent,Safety,Automator,High,P0,$11B,Q1 2026,-,Planned,Automates emergency response for process heat incidents,Emergency signals + process status + safety limits,Automated shutdown sequences + emergency notifications + root cause,Emergency shutdown systems + safety systems + communication
GL-071,REGULATORY-GUARDIAN,RegulatoryComplianceAgent,Compliance,Monitor,High,P0,$10B,Q1 2026,-,Planned,Ensures compliance with all process heat regulations (EPA/OSHA/local),Operational data + emissions + safety records + regulations,Compliance status + violation alerts + reporting + remediation,Regulatory databases + compliance management systems
GL-072,TRAINING-SIM,TrainingSimulatorAgent,Training,Simulator,Medium,P2,$4B,Q4 2026,-,Planned,Provides operator training simulation for process heat operations,Process models + training scenarios + operator actions,Training effectiveness + competency assessment,Training systems + operator interfaces
GL-073,MAINT-SCHEDULER,MaintenanceScheduleOptimizer,Maintenance,Optimizer,Medium,P1,$7B,Q3 2026,-,Planned,Optimizes maintenance schedules to balance reliability and cost,Equipment reliability + maintenance costs + production schedule,Optimal maintenance calendar + cost/risk trade-offs,CMMS + reliability data + production planning
GL-074,SPAREPARTS-IQ,SparePartsOptimizer,Inventory,Optimizer,Low,P2,$3B,Q1 2027,-,Planned,Optimizes spare parts inventory for process heat equipment,Failure rates + lead times + criticality + costs,Optimal inventory levels + reorder points + cost savings,Inventory systems + reliability data
GL-075,CONTRACTOR-WATCH,ContractorPerformanceMonitor,Procurement,Monitor,Low,P2,$2B,Q2 2027,-,Planned,Monitors and evaluates contractor performance for heat systems,Contractor work quality + cost + schedule + safety,Contractor scorecards + selection recommendations,Contractor management systems + work orders
GL-076,VENDOR-SELECT,VendorSelectionAgent,Procurement,Analyzer,Medium,P2,$4B,Q3 2027,-,Planned,Analyzes and recommends equipment vendors based on TCO and performance,Vendor quotes + reliability data + service quality + TCO,Vendor recommendations + technical/commercial comparison,Procurement systems + vendor databases
GL-077,LCA-ANALYST,LifecycleAssessmentAgent,Sustainability,Analyzer,High,P1,$8B,Q2 2026,-,Planned,Performs lifecycle assessment of process heat technologies,Equipment specs + emissions + energy + materials + end-of-life,LCA results + environmental impact + circular economy opportunities,LCA databases + sustainability platforms
GL-078,CIRCULAR-ECONOMY,CircularEconomyAgent,Sustainability,Analyzer,Medium,P2,$6B,Q4 2026,-,Planned,Identifies circular economy opportunities in process heat,Waste heat + materials + byproducts + local industrial ecology,Circular economy opportunities + symbiosis potential,Industrial symbiosis networks + waste exchanges
GL-079,WATER-ENERGY-NEXUS,WaterEnergyNexusAgent,Integration,Optimizer,High,P2,$9B,Q1 2027,-,Planned,Optimizes water-energy nexus in process heat systems,Water consumption + energy for water + water quality + recycling,Integrated water-energy optimization + resource efficiency,Water systems + energy systems + treatment
GL-080,GRID-SERVICES,GridServicesAgent,Grid Integration,Coordinator,High,P1,$12B,Q3 2026,-,Planned,Provides demand response and grid services with flexible heat loads,Grid signals + process flexibility + energy storage + incentives,Optimal grid participation + revenue + reliability,Grid operators + energy markets + load flexibility
GL-081,RENEWABLE-INTEGRATOR,RenewableIntegrationAgent,Renewable Energy,Integrator,High,P1,$14B,Q2 2026,-,Planned,Integrates renewable electricity and heat into industrial processes,Renewable generation + forecasts + process flexibility + storage,Optimal renewable integration + grid independence + cost,Solar/wind + batteries + thermal storage + process
GL-082,H2-PRODUCTION-HEAT,HydrogenProductionHeatAgent,Hydrogen,Optimizer,High,P1,$13B,Q4 2026,-,Planned,Optimizes heat integration with on-site hydrogen production,H2 production heat + process heat needs + electrolysis efficiency,Optimal heat integration + green H2 maximization,Electrolyzers + heat recovery + H2 storage
GL-083,CCS-INTEGRATOR,CCSIntegrationOptimizer,Carbon Capture,Optimizer,High,P0,$16B,Q1 2026,-,Planned,Optimizes carbon capture system integration with process heat,CCS heat penalty + process heat + CO2 capture rate + costs,Optimal CCS integration + cost/carbon optimization,CCS systems + process heat + CO2 compression
GL-084,NET-ZERO-PATH,NetZeroPathwayAgent,Decarbonization,Planner,High,P0,$20B,Q1 2026,-,Planned,Creates net-zero roadmap for industrial process heat,Current emissions + technology options + costs + constraints,Net-zero roadmap + milestones + investment plan + carbon trajectory,Technology databases + financial models + carbon accounting
GL-085,INNOVATION-SCOUT,InnovationScoutAgent,Innovation,Analyzer,Medium,P2,$5B,Q4 2026,-,Planned,Scouts and evaluates emerging process heat technologies,Technology patents + startups + research + pilot projects,Technology radar + evaluation + pilot recommendations,Patent databases + startup trackers + research networks
GL-086,RISK-ASSESSOR,RiskAssessmentAgent,Risk,Analyzer,High,P1,$7B,Q3 2026,-,Planned,Assesses risks in process heat operations and investments,Operational data + failure modes + business impact + probabilities,Risk register + mitigation strategies + insurance optimization,Risk databases + insurance + business continuity
GL-087,BUSINESS-BUILDER,BusinessCaseBuilder,Financial,Analyzer,High,P1,$9B,Q2 2026,-,Planned,Builds business cases for process heat improvement projects,Project costs + energy savings + carbon savings + incentives + risks,NPV/IRR/payback + sensitivity analysis + financing options,Financial models + incentive databases + project data
GL-088,INCENTIVE-MAX,IncentiveMaximizer,Financial,Optimizer,Medium,P1,$8B,Q3 2026,-,Planned,Maximizes capture of energy and carbon incentives/subsidies,Project details + available incentives + eligibility + stacking rules,Incentive capture strategy + application support + value maximization,Incentive databases + application systems + compliance
GL-089,FINANCING-OPT,FinancingOptimizer,Financial,Optimizer,Medium,P2,$6B,Q4 2026,-,Planned,Optimizes financing for process heat capital projects,Project economics + financing options + terms + risk profile,Optimal financing structure + lowest cost of capital,Financial institutions + green bonds + leasing
GL-090,ASSET-VALUATOR,AssetValuationAgent,Financial,Calculator,Medium,P2,$4B,Q1 2027,-,Planned,Values process heat assets for M&A and financial reporting,Asset details + market data + performance + remaining life,Asset valuations + depreciation + fair market value,Asset registers + market databases + accounting
GL-091,INSURANCE-OPT,InsuranceOptimizer,Risk,Optimizer,Low,P2,$3B,Q2 2027,-,Planned,Optimizes insurance coverage for process heat equipment,Equipment values + risk profiles + claims history + premiums,Optimal coverage + cost savings + risk transfer,Insurance brokers + claims systems + risk data
GL-092,SUPPLY-CHAIN-LINK,SupplyChainIntegrator,Supply Chain,Integrator,Medium,P2,$5B,Q3 2027,-,Planned,Integrates process heat optimization with supply chain,Supply chain constraints + heat demand variability + inventory,Coordinated supply-heat optimization + working capital reduction,Supply chain systems + inventory + logistics
GL-093,QUALITY-INTEGRATOR,ProductQualityIntegrator,Quality,Integrator,High,P1,$10B,Q2 2026,-,Planned,Ensures process heat optimization maintains product quality,Heat process parameters + product quality specs + tolerances,Heat optimization within quality constraints + quality assurance,Quality systems + heat controls + lab data
GL-094,OEE-MAXIMIZER,OEEMaximizer,Operations,Optimizer,High,P1,$11B,Q3 2026,-,Planned,Maximizes Overall Equipment Effectiveness of heat equipment,Equipment availability + performance + quality + downtime,OEE improvement actions + production gains,OEE tracking + maintenance + production systems
GL-095,ALARM-MANAGER,AlarmManagementAgent,Operations,Optimizer,Medium,P2,$4B,Q4 2026,-,Planned,Optimizes alarm configuration to reduce nuisance and alarm floods,Alarm frequency + operator response + criticality + rationalization,Rationalized alarm system + reduced load + safety improvement,Alarm systems + operator interfaces + safety
GL-096,CYBER-SHIELD,CybersecurityAgent,Security,Monitor,High,P0,$9B,Q1 2026,-,Planned,Monitors and protects process heat systems from cyber threats,Network traffic + access logs + vulnerabilities + threats,Security alerts + threat mitigation + compliance + hardening,IT security + OT networks + firewalls + SIEM
GL-097,DATA-QUALITY,DataQualityAgent,Data,Monitor,Medium,P1,$5B,Q2 2026,-,Planned,Monitors and improves data quality for all process heat systems,Sensor data + validation rules + historical patterns,Data quality metrics + sensor health + calibration alerts,Sensors + data historians + validation systems
GL-098,INTEROP-BRIDGE,InteroperabilityAgent,Integration,Integrator,High,P1,$8B,Q3 2026,-,Planned,Ensures interoperability across diverse process heat systems and vendors,System protocols + data formats + APIs + standards,Unified data access + seamless integration + standard compliance,SCADA + DCS + PLC + IoT + enterprise systems
GL-099,KNOWLEDGE-VAULT,KnowledgeManagementAgent,Knowledge,Coordinator,Medium,P2,$6B,Q4 2026,-,Planned,Manages knowledge base of process heat best practices and lessons learned,Incident reports + improvements + SOPs + training materials,Searchable knowledge base + lessons learned + best practices,Document management + training systems + collaboration
GL-100,KAIZEN-DRIVER,ContinuousImprovementAgent,Operations,Coordinator,High,P1,$10B,Q1 2026,-,Planned,Drives continuous improvement culture for process heat operations,Performance data + improvement ideas + kaizen events + results,Improvement pipeline + ROI tracking + culture metrics + recognition,CI platforms + suggestion systems + project tracking
