Agent_ID,Unique_Name,Original_Name,Category,Type,Complexity,Priority,Market_Size_USD,Timeline,Description
GL-001,THERMOSYNC,ProcessHeatOrchestrator,Orchestration,Coordinator,High,P0,$20B,Q4 2025,Master orchestrator for all process heat operations across industrial facilities
GL-002,FLAMEGUARD,BoilerEfficiencyOptimizer,Boiler Systems,Optimizer,Medium,P0,$15B,Q4 2025,Optimizes boiler operations for maximum fuel efficiency and minimal emissions
GL-003,STEAMWISE,SteamSystemAnalyzer,Steam Systems,Monitor,Medium,P1,$10B,Q1 2026,Real-time analysis of steam generation and distribution efficiency
GL-004,BURNMASTER,BurnerOptimizationAgent,Combustion,Optimizer,Low,P1,$5B,Q1 2026,Optimizes burner settings for complete combustion and reduced emissions
GL-005,COMBUSENSE,CombustionControlAgent,Combustion,Automator,Medium,P1,$8B,Q2 2026,Automated control of combustion processes for consistent heat output
GL-006,HEATRECLAIM,HeatRecoveryMaximizer,Heat Recovery,Optimizer,High,P0,$12B,Q4 2025,Maximizes waste heat recovery across all process streams
GL-007,FURNACEPULSE,FurnacePerformanceMonitor,Furnaces,Monitor,Medium,P1,$9B,Q1 2026,Monitors and analyzes furnace performance and efficiency
GL-008,TRAPCATCHER,SteamTrapInspector,Steam Systems,Monitor,Low,P2,$3B,Q2 2026,Automated detection and diagnosis of steam trap failures
GL-009,THERMALIQ,ThermalEfficiencyCalculator,Analytics,Calculator,Medium,P1,$7B,Q1 2026,Calculates overall thermal efficiency of heat processes with zero-hallucination
GL-010,EMISSIONWATCH,EmissionsComplianceAgent,Compliance,Monitor,Medium,P0,$11B,Q4 2025,Ensures NOx/SOx/CO2 emissions comply with environmental regulations
GL-011,FUELCRAFT,FuelManagementOptimizer,Fuel Systems,Optimizer,Medium,P1,$8B,Q1 2026,Optimizes fuel selection and consumption across multiple fuel types
GL-012,STEAMQUAL,SteamQualityController,Steam Systems,Controller,Low,P2,$4B,Q2 2026,Maintains optimal steam quality (pressure/temperature/moisture)
GL-013,PREDICTMAINT,PredictiveMaintenanceAgent,Maintenance,Predictor,High,P1,$10B,Q1 2026,Predicts equipment failures before they occur using ML models
GL-014,EXCHANGER-PRO,HeatExchangerOptimizer,Heat Exchangers,Optimizer,Medium,P1,$6B,Q2 2026,Optimizes heat exchanger performance and prevents fouling
GL-015,INSULSCAN,InsulationInspectionAgent,Energy Conservation,Monitor,Low,P2,$3B,Q3 2026,Detects insulation degradation using thermal imaging and analytics
GL-016,WATERGUARD,BoilerWaterTreatmentAgent,Boiler Systems,Controller,Medium,P1,$5B,Q2 2026,Manages boiler water chemistry to prevent scale and corrosion
GL-017,CONDENSYNC,CondenserOptimizationAgent,Steam Systems,Optimizer,Medium,P2,$4B,Q3 2026,Optimizes condenser performance for maximum heat recovery
GL-018,FLUEFLOW,FlueGasAnalyzer,Combustion,Analyzer,Low,P1,$4B,Q1 2026,Analyzes flue gas composition for combustion optimization
GL-019,HEATSCHEDULER,ProcessHeatingScheduler,Planning,Coordinator,Medium,P1,$7B,Q2 2026,Schedules process heating operations to minimize energy costs
GL-020,ECONOPULSE,EconomizerPerformanceAgent,Heat Recovery,Monitor,Low,P2,$3B,Q3 2026,Monitors economizer performance and fouling
GL-021,BURNERSENTRY,BurnerMaintenancePredictor,Maintenance,Predictor,Medium,P2,$4B,Q3 2026,Predicts burner maintenance needs based on operating conditions
GL-022,SUPERHEAT-CTRL,SuperheaterControlAgent,Steam Systems,Controller,Medium,P2,$5B,Q3 2026,Controls superheated steam temperature for process requirements
GL-023,LOADBALANCER,HeatLoadBalancer,Optimization,Optimizer,High,P1,$9B,Q2 2026,Balances heat loads across multiple boilers and furnaces
GL-024,AIRPREHEATER,AirPreheaterOptimizer,Heat Recovery,Optimizer,Medium,P2,$4B,Q3 2026,Optimizes air preheater to recover maximum heat from flue gas
GL-025,COGENMAX,CogenerationOptimizer,Cogeneration,Optimizer,High,P0,$15B,Q1 2026,Optimizes combined heat and power (CHP) systems
GL-026,SOOTBLAST,SootBlowerController,Combustion,Controller,Low,P2,$2B,Q4 2026,Optimizes soot blowing to maintain heat transfer without waste
GL-027,RADIANT-OPT,RadiantHeatOptimizer,Furnaces,Optimizer,Medium,P2,$5B,Q3 2026,Optimizes radiant section heat transfer in process furnaces
GL-028,CONVECTION-WATCH,ConvectionSectionAnalyzer,Furnaces,Analyzer,Medium,P2,$4B,Q3 2026,Analyzes convection section performance and fouling
GL-029,FUELCONDITIONER,FuelGasConditioningAgent,Fuel Systems,Controller,Low,P2,$3B,Q4 2026,Conditions fuel gas for optimal combustion (pressure/temperature/composition)
GL-030,HEATINTEGRATOR,HeatIntegrationOptimizer,Process Integration,Optimizer,High,P1,$12B,Q2 2026,Optimizes heat integration across entire process using pinch analysis
GL-031,THERMALSTORAGE,ThermalEnergyStorageAgent,Energy Storage,Controller,High,P2,$8B,Q3 2026,Manages thermal energy storage for load shifting and grid support
GL-032,HEATREPORTER,ProcessHeatReporter,Reporting,Reporter,Medium,P1,$6B,Q2 2026,Generates comprehensive reports on process heat performance and compliance
GL-033,DISTRICT-LINK,DistrictHeatingIntegrator,Heat Networks,Integrator,High,P2,$10B,Q4 2026,Integrates industrial waste heat into district heating networks
GL-034,CARBONCAPTURE-HEAT,CarbonCaptureHeatAgent,Decarbonization,Optimizer,High,P0,$18B,Q1 2026,Optimizes heat integration with carbon capture systems
GL-035,H2-BURNER,HydrogenCombustionAgent,Future Fuels,Controller,High,P1,$14B,Q3 2026,Controls hydrogen combustion for carbon-free process heat
GL-036,ELECTRIFY-SCAN,ElectrificationAnalyzer,Decarbonization,Analyzer,High,P1,$16B,Q2 2026,Analyzes opportunities for electrification of process heat
GL-037,BIOMASS-OPT,BiomassCombustionOptimizer,Renewable Heat,Optimizer,Medium,P2,$7B,Q4 2026,Optimizes biomass combustion for renewable process heat
GL-038,SOLAR-THERMAL,SolarThermalIntegrator,Renewable Heat,Integrator,Medium,P2,$9B,Q1 2027,Integrates solar thermal systems with industrial process heat
GL-039,HEATPUMP-PRO,HeatPumpOptimizer,Heat Pumps,Optimizer,High,P1,$11B,Q3 2026,Optimizes industrial heat pumps for low-grade heat recovery
GL-040,SAFETYSENTRY,ProcessSafetyMonitor,Safety,Monitor,High,P0,$13B,Q4 2025,Monitors process heat safety parameters and prevents incidents
GL-041,ENERGYVIZ,EnergyManagementDashboard,Visualization,Reporter,Medium,P1,$8B,Q1 2026,Real-time visualization of energy flows and performance
GL-042,PRESSUREMASTER,SteamPressureOptimizer,Steam Systems,Optimizer,Medium,P2,$5B,Q3 2026,Optimizes steam header pressures for minimum energy consumption
GL-043,CONDENSATE-RECLAIM,CondensateRecoveryAgent,Steam Systems,Monitor,Low,P2,$3B,Q4 2026,Maximizes condensate recovery to reduce water and energy costs
GL-044,FLASHSTEAM,FlashSteamRecoveryAgent,Heat Recovery,Optimizer,Medium,P2,$4B,Q1 2027,Recovers flash steam from condensate for process heating
GL-045,AIROPTIMIZER,CombustionAirOptimizer,Combustion,Optimizer,Medium,P1,$6B,Q2 2026,Optimizes combustion air temperature and flow for efficiency
GL-046,DRAFTCONTROL,FurnaceDraftController,Furnaces,Controller,Low,P2,$3B,Q3 2026,Controls furnace draft for optimal combustion and safety
GL-047,REFRACTORYWATCH,RefractionMaterialMonitor,Furnaces,Monitor,Medium,P2,$4B,Q4 2026,Monitors refractory condition to prevent heat losses and failures
GL-048,HEATLOSS-CALC,HeatLossCalculator,Analytics,Calculator,Medium,P2,$5B,Q2 2026,Calculates heat losses from equipment and piping with zero-hallucination
GL-049,PROCESS-INTEGRATOR,ProcessControlIntegrator,Integration,Integrator,High,P1,$10B,Q2 2026,Integrates process heat control with overall process control
GL-050,VFD-OPTIMIZER,VFDOptimizationAgent,Motors,Optimizer,Medium,P2,$6B,Q3 2026,Optimizes variable frequency drives on fans and pumps
GL-051,STARTUP-CTRL,StartupShutdownOptimizer,Operations,Optimizer,Medium,P2,$5B,Q4 2026,Optimizes heating during startup and shutdown for efficiency and safety
GL-052,HEAT-TRACER,HeatTracingOptimizer,Heat Tracing,Optimizer,Low,P2,$3B,Q1 2027,Optimizes electric/steam heat tracing for freeze protection
GL-053,THERMAL-OXIDIZER,ThermalOxidizerOptimizer,Emissions Control,Optimizer,Medium,P2,$7B,Q3 2026,Optimizes thermal oxidizers for VOC destruction with minimum fuel
GL-054,HEAT-TREAT,HeatTreatmentOptimizer,Process,Optimizer,High,P1,$9B,Q2 2026,Optimizes heat treatment processes for quality and efficiency
GL-055,DRYMASTER,DryingProcessOptimizer,Process,Optimizer,Medium,P1,$8B,Q3 2026,Optimizes drying processes for minimum energy consumption
GL-056,CURE-CTRL,CuringOvenController,Process,Controller,Medium,P2,$5B,Q4 2026,Controls curing ovens for consistent product quality and efficiency
GL-057,INDUCTION-OPT,InductionHeatingOptimizer,Process,Optimizer,Medium,P2,$6B,Q1 2027,Optimizes induction heating for metal processing
GL-058,INFRARED-CTRL,InfraredHeatingController,Process,Controller,Low,P2,$4B,Q2 2027,Controls infrared heating for coating and drying processes
GL-059,MICROWAVE-HEAT,MicrowaveHeatingAgent,Process,Controller,Medium,P3,$5B,Q3 2027,Controls microwave heating for specialized industrial processes
GL-060,RESISTANCE-OPT,ResistanceHeatingOptimizer,Process,Optimizer,Low,P2,$3B,Q4 2027,Optimizes resistance heating elements for efficiency and longevity
GL-061,BALANCE-ANALYZER,HeatBalanceAnalyzer,Analytics,Analyzer,High,P1,$8B,Q2 2026,Performs detailed heat and material balance analysis
GL-062,EXERGY-SCAN,ExergyAnalyzer,Analytics,Analyzer,High,P2,$7B,Q3 2026,Analyzes exergy destruction and thermodynamic efficiency
GL-063,BENCHMARKIQ,BenchmarkingAgent,Analytics,Analyzer,Medium,P1,$6B,Q3 2026,Benchmarks process heat performance against industry best practices
GL-064,COST-ALLOCATOR,CostAllocationAgent,Financial,Calculator,Medium,P1,$5B,Q2 2026,Allocates process heat costs to products and departments
GL-065,CARBON-ACCOUNTANT,CarbonAccountingAgent,Sustainability,Calculator,High,P0,$12B,Q1 2026,Calculates Scope 1 emissions from process heat with zero-hallucination
GL-066,ENERGY-AUDITOR,EnergyAuditAgent,Compliance,Auditor,High,P1,$9B,Q2 2026,Performs comprehensive energy audits per ISO 50001
GL-067,COMMISSIONING-AGENT,ContinuousCommissioningAgent,Optimization,Optimizer,High,P1,$10B,Q3 2026,Continuously commissions process heat systems to maintain performance
GL-068,DIGITAL-TWIN,DigitalTwinOrchestrator,Digital Twin,Coordinator,High,P1,$15B,Q2 2026,Creates and maintains digital twin of entire process heat system
GL-069,DEMAND-FORECASTER,PredictiveDemandForecaster,Planning,Predictor,High,P1,$8B,Q3 2026,Forecasts process heat demand for planning and optimization
GL-070,EMERGENCY-RESPONDER,EmergencyResponseAgent,Safety,Automator,High,P0,$11B,Q1 2026,Automates emergency response for process heat incidents
GL-071,REGULATORY-GUARDIAN,RegulatoryComplianceAgent,Compliance,Monitor,High,P0,$10B,Q1 2026,Ensures compliance with all process heat regulations (EPA/OSHA/local)
GL-072,TRAINING-SIM,TrainingSimulatorAgent,Training,Simulator,Medium,P2,$4B,Q4 2026,Provides operator training simulation for process heat operations
GL-073,MAINT-SCHEDULER,MaintenanceScheduleOptimizer,Maintenance,Optimizer,Medium,P1,$7B,Q3 2026,Optimizes maintenance schedules to balance reliability and cost
GL-074,SPAREPARTS-IQ,SparePartsOptimizer,Inventory,Optimizer,Low,P2,$3B,Q1 2027,Optimizes spare parts inventory for process heat equipment
GL-075,CONTRACTOR-WATCH,ContractorPerformanceMonitor,Procurement,Monitor,Low,P2,$2B,Q2 2027,Monitors and evaluates contractor performance for heat systems
GL-076,VENDOR-SELECT,VendorSelectionAgent,Procurement,Analyzer,Medium,P2,$4B,Q3 2027,Analyzes and recommends equipment vendors based on TCO and performance
GL-077,LCA-ANALYST,LifecycleAssessmentAgent,Sustainability,Analyzer,High,P1,$8B,Q2 2026,Performs lifecycle assessment of process heat technologies
GL-078,CIRCULAR-ECONOMY,CircularEconomyAgent,Sustainability,Analyzer,Medium,P2,$6B,Q4 2026,Identifies circular economy opportunities in process heat
GL-079,WATER-ENERGY-NEXUS,WaterEnergyNexusAgent,Integration,Optimizer,High,P2,$9B,Q1 2027,Optimizes water-energy nexus in process heat systems
GL-080,GRID-SERVICES,GridServicesAgent,Grid Integration,Coordinator,High,P1,$12B,Q3 2026,Provides demand response and grid services with flexible heat loads
GL-081,RENEWABLE-INTEGRATOR,RenewableIntegrationAgent,Renewable Energy,Integrator,High,P1,$14B,Q2 2026,Integrates renewable electricity and heat into industrial processes
GL-082,H2-PRODUCTION-HEAT,HydrogenProductionHeatAgent,Hydrogen,Optimizer,High,P1,$13B,Q4 2026,Optimizes heat integration with on-site hydrogen production
GL-083,CCS-INTEGRATOR,CCSIntegrationOptimizer,Carbon Capture,Optimizer,High,P0,$16B,Q1 2026,Optimizes carbon capture system integration with process heat
GL-084,NET-ZERO-PATH,NetZeroPathwayAgent,Decarbonization,Planner,High,P0,$20B,Q1 2026,Creates net-zero roadmap for industrial process heat
GL-085,INNOVATION-SCOUT,InnovationScoutAgent,Innovation,Analyzer,Medium,P2,$5B,Q4 2026,Scouts and evaluates emerging process heat technologies
GL-086,RISK-ASSESSOR,RiskAssessmentAgent,Risk,Analyzer,High,P1,$7B,Q3 2026,Assesses risks in process heat operations and investments
GL-087,BUSINESS-BUILDER,BusinessCaseBuilder,Financial,Analyzer,High,P1,$9B,Q2 2026,Builds business cases for process heat improvement projects
GL-088,INCENTIVE-MAX,IncentiveMaximizer,Financial,Optimizer,Medium,P1,$8B,Q3 2026,Maximizes capture of energy and carbon incentives/subsidies
GL-089,FINANCING-OPT,FinancingOptimizer,Financial,Optimizer,Medium,P2,$6B,Q4 2026,Optimizes financing for process heat capital projects
GL-090,ASSET-VALUATOR,AssetValuationAgent,Financial,Calculator,Medium,P2,$4B,Q1 2027,Values process heat assets for M&A and financial reporting
GL-091,INSURANCE-OPT,InsuranceOptimizer,Risk,Optimizer,Low,P2,$3B,Q2 2027,Optimizes insurance coverage for process heat equipment
GL-092,SUPPLY-CHAIN-LINK,SupplyChainIntegrator,Supply Chain,Integrator,Medium,P2,$5B,Q3 2027,Integrates process heat optimization with supply chain
GL-093,QUALITY-INTEGRATOR,ProductQualityIntegrator,Quality,Integrator,High,P1,$10B,Q2 2026,Ensures process heat optimization maintains product quality
GL-094,OEE-MAXIMIZER,OEEMaximizer,Operations,Optimizer,High,P1,$11B,Q3 2026,Maximizes Overall Equipment Effectiveness of heat equipment
GL-095,ALARM-MANAGER,AlarmManagementAgent,Operations,Optimizer,Medium,P2,$4B,Q4 2026,Optimizes alarm configuration to reduce nuisance and alarm floods
GL-096,CYBER-SHIELD,CybersecurityAgent,Security,Monitor,High,P0,$9B,Q1 2026,Monitors and protects process heat systems from cyber threats
GL-097,DATA-QUALITY,DataQualityAgent,Data,Monitor,Medium,P1,$5B,Q2 2026,Monitors and improves data quality for all process heat systems
GL-098,INTEROP-BRIDGE,InteroperabilityAgent,Integration,Integrator,High,P1,$8B,Q3 2026,Ensures interoperability across diverse process heat systems and vendors
GL-099,KNOWLEDGE-VAULT,KnowledgeManagementAgent,Knowledge,Coordinator,Medium,P2,$6B,Q4 2026,Manages knowledge base of process heat best practices and lessons learned
GL-100,KAIZEN-DRIVER,ContinuousImprovementAgent,Operations,Coordinator,High,P1,$10B,Q1 2026,Drives continuous improvement culture for process heat operations
